{
  "timestamps_s": [
    0.0,
    0.1,
    0.2,
    0.3,
    0.4,
    0.5,
    0.6,
    0.7,
    0.8,
    0.9,
    1.0,
    1.1,
    1.2,
    1.3,
    1.4,
    1.5,
    1.6,
    1.7,
    1.8,
    1.9,
    2.0,
    2.1,
    2.2,
    2.3,
    2.4,
    2.5,
    2.6,
    2.7,
    2.8,
    2.9,
    3.0,
    3.1,
    3.2,
    3.3,
    3.4,
    3.5,
    3.6,
    3.7,
    3.8,
    3.9,
    4.0,
    4.1,
    4.2,
    4.3,
    4.4,
    4.5,
    4.6,
    4.7,
    4.8,
    4.9,
    5.0,
    5.1,
    5.2,
    5.3,
    5.4,
    5.5,
    5.6,
    5.7,
    5.8,
    5.9,
    6.0,
    6.1,
    6.2,
    6.3,
    6.4,
    6.5,
    6.6,
    6.7,
    6.8,
    6.9,
    7.0,
    7.1,
    7.2,
    7.3,
    7.4,
    7.5,
    7.6,
    7.7,
    7.8,
    7.9,
    8.0,
    8.1,
    8.2,
    8.3,
    8.4,
    8.5,
    8.6,
    8.7,
    8.8,
    8.9,
    9.0,
    9.1,
    9.2,
    9.3,
    9.4,
    9.5,
    9.6,
    9.7,
    9.8,
    9.9,
    10.0,
    10.1,
    10.2,
    10.3,
    10.4,
    10.5,
    10.6,
    10.7,
    10.8,
    10.9,
    11.0,
    11.1,
    11.2,
    11.3,
    11.4,
    11.5,
    11.6,
    11.7,
    11.8,
    11.9,
    12.0,
    12.1,
    12.2,
    12.3,
    12.4,
    12.5,
    12.6,
    12.7,
    12.8,
    12.9,
    13.0,
    13.1,
    13.2,
    13.3,
    13.4,
    13.5,
    13.6,
    13.7,
    13.8,
    13.9,
    14.0,
    14.1,
    14.2,
    14.3,
    14.4,
    14.5,
    14.6,
    14.7,
    14.8,
    14.9,
    15.0,
    15.1,
    15.2,
    15.3,
    15.4,
    15.5,
    15.6,
    15.7,
    15.8,
    15.9,
    16.0,
    16.1,
    16.2,
    16.3,
    16.4,
    16.5,
    16.6,
    16.7,
    16.8,
    16.9,
    17.0,
    17.1,
    17.2,
    17.3,
    17.4,
    17.5,
    17.6,
    17.7,
    17.8,
    17.9,
    18.0
  ],
  "depth_level_mm": [
    -0.061223723862214356,
    -0.11869805556515535,
    -1.2151929040736766,
    0.30056149461762305,
    0.22351004877263245,
    -1.4125397857785,
    null,
    0.41663660883056375,
    -0.16719328775906994,
    0.5450048319229466,
    -0.6236492265259386,
    0.027897293689134794,
    -0.05889649637098554,
    -0.09282259934276937,
    null,
    0.8866756645835081,
    4.384715570623658,
    0.4238824571935123,
    0.628713222075579,
    0.2964954600431509,
    null,
    1.23063306648029,
    0.9127888352831829,
    0.017473188821952146,
    1.2478971803532628,
    1.2551049479739342,
    1.7261996797672874,
    2.21561555950146,
    0.3371331376856954,
    0.6288309842134643,
    2.8443326539285123,
    2.040750054893185,
    3.2407016267337485,
    3.9644221062211975,
    4.734204579804934,
    2.241537741019921,
    3.2871205884758727,
    3.3949299242169984,
    4.505748891109388,
    4.536368768582324,
    5.10148882695214,
    null,
    5.555093701244955,
    6.02713286690622,
    9.554118538813775,
    6.456745547958404,
    6.529466831958074,
    7.079099604696184,
    6.449594058029833,
    8.655531276929338,
    8.174448016430519,
    8.48992145883948,
    7.548772662224313,
    11.409063687726832,
    8.845076318835027,
    8.923903490444662,
    8.2027374004036,
    8.042490197308913,
    9.278422238988353,
    7.371670846447424,
    null,
    8.013032039114604,
    7.494264847532401,
    7.717673378262711,
    7.662178242706565,
    8.051824431597963,
    8.326639127592502,
    6.101817739059115,
    6.1697017385821065,
    8.735404863055741,
    9.863869818326695,
    null,
    9.947528659457044,
    11.996005166767418,
    12.645176581905488,
    12.502979800679661,
    12.75968289909976,
    13.425811923475294,
    12.960619403311512,
    14.492242193874665,
    14.27113648768657,
    15.479893032846116,
    null,
    17.45602826058419,
    17.569065049227014,
    20.557620390768054,
    18.459900504901007,
    19.341772541151872,
    19.499386040359045,
    17.908850243480977,
    20.436991929018724,
    22.3474075586918,
    21.099405618675757,
    23.2241035164968,
    22.52016959848117,
    22.389198864493626,
    24.053158782504095,
    24.497546048624354,
    27.49630359801356,
    25.409867281551467,
    26.051065888769696,
    25.620870167230343,
    27.224073457546652,
    27.62202305521838,
    28.30430117108264,
    27.853231930944936,
    25.704139376872348,
    30.802497636914357,
    29.944202979740208,
    31.261657684659568,
    30.506959085827877,
    30.87096270097925,
    null,
    31.711841985073534,
    32.67405099253794,
    31.05068993294239,
    30.842659752876916,
    30.588627930715923,
    30.489360654611044,
    30.612222763507464,
    31.838574541242444,
    30.542758684325502,
    32.12236323170608,
    31.238091895722228,
    30.183393934268324,
    31.216994238675504,
    33.40600771428187,
    31.835854312002834,
    33.3819182749411,
    31.375237769939822,
    31.072886972994922,
    32.500687291790314,
    32.493122854927805,
    31.88183029486644,
    33.16349115124079,
    32.887618816011425,
    33.89358390921318,
    33.73100787493538,
    35.00953390576828,
    35.595722729933165,
    32.50534393837663,
    35.50442474686514,
    38.17459543469594,
    35.34669524930246,
    35.39967341654555,
    36.53308105862715,
    36.29538084576014,
    37.19874559819849,
    35.669093818782,
    null,
    37.982765224744476,
    37.198983290977566,
    38.6304786145139,
    38.538539246043406,
    40.31060384492774,
    37.476908106671786,
    41.338340267104094,
    null,
    38.496749182710325,
    39.013393127056446,
    40.05913120226968,
    39.66137680548913,
    38.53181251147294,
    39.72832797667112,
    40.00753719268852,
    39.293708793765006,
    40.401621090382804,
    40.65319252207602,
    39.78554398851754,
    39.832140338776114,
    38.14975491303246,
    39.960338730932506,
    40.02429391111422,
    40.16345667984952,
    39.402789182286476,
    40.62963555019117,
    39.1744829197756,
    39.670687648112306,
    39.619013117813225,
    39.2704575843343,
    40.11959151396219
  ],