{
  "version": "1.1",
  "n_total": 24,
  "n_valid": 18,
  "metrics": {
    "Qmax": {
      "n": 18,
      "bias": 1.5946993964209026,
      "sd": 0.6543724772622365,
      "loa_low": 0.31212934098691925,
      "loa_high": 2.877269451854886,
      "mae": 1.5946993964209026,
      "mape": 13.515057933488455
    },
    "Qavg": {
      "n": 18,
      "bias": 0.12315185285625797,
      "sd": 0.5697981731409347,
      "loa_low": -0.9936525664999741,
      "loa_high": 1.2399562722124902,
      "mae": 0.4913387139132428,
      "mape": 4.693830681623439
    },
    "Vvoid": {
      "n": 18,
      "bias": 12.28640318493769,
      "sd": 5.237385350722531,
      "loa_low": 2.0211278975215308,
      "loa_high": 22.55167847235385,
      "mae": 12.28640318493769,
      "mape": 8.166472911490573
    },
    "FlowTime": {
      "n": 18,
      "bias": 0.8611111111111075,
      "sd": 0.8951758873434004,
      "loa_low": -0.8934336280819571,
      "loa_high": 2.6156558503041722,
      "mae": 0.8611111111111075,
      "mape": 7.032837479941806
    }
  }
}